{"section":[
  {
    "name" : "热辣健身 - 热健，最专业的健身指南",
    "url" : "more1.png",
    "linkUrl" : "https://appsto.re/cn/rUdH4.i",
  },
  {
    "name" : "宝宝辅食健康之路-妈妈食材（孕妈妈好营养",
    "url" : "more2.png",
    "linkUrl" : "https://appsto.re/cn/XHUS7.i",
  },
  {
    "name" : "健身计划达人 - 最专业的男士胸肌腹肌塑形私人教练 ",
    "url" : "more3.png",
    "linkUrl" : "https://appsto.re/cn/6TFB6.i",
  },
  {
    "name" : "月子餐-孕妇产后休整和恢复必备食谱手册",
    "url" : "more4.png",
    "linkUrl" : "https://appsto.re/cn/ub5V7.i",
  },
  {
    "name" : "投资理财股神之路VIP-股民学校找牛股王股票炒股技巧必备",
    "url" : "more5.png",
    "linkUrl" : "https://appsto.re/cn/FnXF7.i",

  },
  {
    "name" : "投资理财股神之路 - 股票入门教程炒股公开课专业版",
    "url" : "more6.png",
    "linkUrl" : "https://appsto.re/cn/cEUF7.i",

  },
  {
    "name" : "美味食谱达人-天下美食集锦",
    "url" : "more7.png",
    "linkUrl" : "https://appsto.re/cn/tmbE6.i",

  },
  {
    "name" : "专业减肥操 - 女性塑形瘦腿for郑多燕视频合集",
    "url" : "more8.png",
    "linkUrl" : "https://appsto.re/cn/YID15.i",

  },
]
}
